id,pos_x,pos_y,pos_z,rot_x,rot_y,rot_z,rot_w
0,1.9951893180636557,0.34663151226027605,0.0,0.0,0.0,0.10460194848931263,0.9945141690153234
